Probe,GeneID,Symbol,Distance,Sides,Raw.p,Pe
cg00099145,ENSG00000057657,PRDM1,123449,L1,0.09696542614120533,0.0297029702970297
cg00099145,ENSG00000057663,ATG5,175409,R1,0.09696542614120533,0.0297029702970297
cg00129234,ENSG00000168386,FILIP1L,-0,L1,0.09696542614120533,0.0297029702970297
cg00129234,ENSG00000184220,CMSS1,-0,R1,0.09696542614120533,0.0297029702970297
cg00442390,ENSG00000216854,RPL17P26,151653,R1,0.09696542614120533,0.0297029702970297
cg00527928,ENSG00000136643,RPS6KC1,9703,L1,0.09696542614120533,0.0297029702970297
cg00533523,ENSG00000137831,UACA,-0,L1,0.09696542614120533,0.0297029702970297
cg01048228,ENSG00000138382,METTL5,-75986,L2,0.09696542614120533,0.0297029702970297
cg01048228,ENSG00000227176,AC092641.1,176304,R1,0.09696542614120533,0.0297029702970297
cg01054805,ENSG00000134046,MBD2,-0,L1,0.09696542614120533,0.0297029702970297
cg01087456,ENSG00000271072,PHBP20,-103698,L2,0.09696542614120533,0.0297029702970297
cg01373217,ENSG00000183722,LHFPL6,-0,L1,0.09696542614120533,0.0297029702970297
cg01610639,ENSG00000113407,TARS,123169,L1,0.09696542614120533,0.0297029702970297
cg01654432,ENSG00000072422,RHOBTB1,-474148,L2,0.09696542614120533,0.0297029702970297
cg01654432,ENSG00000183346,CABCOCO1,187370,R1,0.09696542614120533,0.0297029702970297
cg01947787,ENSG00000143341,HMCN1,-0,L1,0.09696542614120533,0.0297029702970297
cg02135122,ENSG00000188716,DUPD1,154768,R1,0.09696542614120533,0.0297029702970297
cg02203737,ENSG00000236992,RPL12P12,-4583,L2,0.09696542614120533,0.0297029702970297
cg02203737,ENSG00000132669,RIN2,-0,L1,0.09696542614120533,0.0297029702970297
cg02552679,ENSG00000165140,FBP1,-127759,L2,0.09696542614120533,0.0297029702970297
cg02552679,ENSG00000148120,C9orf3,-0,L1,0.09696542614120533,0.0297029702970297
cg02631092,ENSG00000107862,GBF1,-0,L1,0.09696542614120533,0.0297029702970297
cg02631092,ENSG00000077150,NFKB2,51516,R1,0.09696542614120533,0.0297029702970297
cg02794358,ENSG00000237887,RPL23AP32,-59879,L2,0.09696542614120533,0.0297029702970297
cg02801203,ENSG00000159267,HLCS,-0,L1,0.09696542614120533,0.0297029702970297
cg02855302,ENSG00000213176,RPL13P6,54013,R1,0.09696542614120533,0.0297029702970297
cg02866391,ENSG00000154229,PRKCA,-0,L1,0.09696542614120533,0.0297029702970297
cg03098110,ENSG00000145604,SKP2,-25605,L2,0.09696542614120533,0.0297029702970297
cg03407966,ENSG00000249661,TNRC18P1,-43264,L2,0.09696542614120533,0.0297029702970297
cg03407966,ENSG00000170153,RNF150,171051,R1,0.09696542614120533,0.0297029702970297
cg03414654,ENSG00000067900,ROCK1,-0,L1,0.09696542614120533,0.0297029702970297
cg03503945,ENSG00000197601,FAR1,-0,L1,0.09696542614120533,0.0297029702970297
cg04103247,ENSG00000220412,AL356234.1,-146486,L2,0.09696542614120533,0.0297029702970297
cg04328144,ENSG00000219881,GAPDHP42,-11542,L2,0.09696542614120533,0.0297029702970297
cg04411245,ENSG00000213659,RSU1P3,-512441,L2,0.09696542614120533,0.0297029702970297
cg04411245,ENSG00000185532,PRKG1,-0,L1,0.09696542614120533,0.0297029702970297
cg04524417,ENSG00000164040,PGRMC2,-395258,L2,0.09696542614120533,0.0297029702970297
cg04524417,ENSG00000077684,JADE1,125610,L1,0.09696542614120533,0.0297029702970297
cg05227844,ENSG00000122591,FAM126A,-7975,L1,0.09696542614120533,0.0297029702970297
cg05227844,ENSG00000122550,KLHL7,83650,R1,0.09696542614120533,0.0297029702970297
cg05476493,ENSG00000203778,FAM229B,-128779,L2,0.09696542614120533,0.0297029702970297
cg05476493,ENSG00000112769,LAMA4,-0,L1,0.09696542614120533,0.0297029702970297
cg05790299,ENSG00000081026,MAGI3,-0,L1,0.09696542614120533,0.0297029702970297
cg05843420,ENSG00000128313,APOL5,-12830,L2,0.09696542614120533,0.0297029702970297
cg05843420,ENSG00000100320,RBFOX2,-0,L1,0.09696542614120533,0.0297029702970297
cg05898930,ENSG00000266373,AP002472.1,-206906,L2,0.09696542614120533,0.0297029702970297
cg05974410,ENSG00000273675,AL118556.2,-29346,L2,0.09696542614120533,0.0297029702970297
cg06012428,ENSG00000218596,AL162578.1,-178997,L2,0.09696542614120533,0.0297029702970297
cg06019273,ENSG00000218596,AL162578.1,7781,R1,0.09696542614120533,0.0297029702970297
cg06307058,ENSG00000248988,AC093700.1,-14451,L2,0.09696542614120533,0.0297029702970297
cg06386236,ENSG00000233072,RPS15AP6,-23874,L2,0.09696542614120533,0.0297029702970297
cg06386236,ENSG00000075151,EIF4G3,-0,L1,0.09696542614120533,0.0297029702970297
cg06386236,ENSG00000236073,AL627311.1,45828,R1,0.09696542614120533,0.0297029702970297
cg06422525,ENSG00000232882,PHKA1P1,-33334,L2,0.09696542614120533,0.0297029702970297
cg06466325,ENSG00000075213,SEMA3A,103453,L1,0.09696542614120533,0.0297029702970297
cg07127693,ENSG00000133961,NUMB,-0,L1,0.09696542614120533,0.0297029702970297
cg07226883,ENSG00000177425,PAWR,-93612,L2,0.09696542614120533,0.0297029702970297
cg07226883,ENSG00000058272,PPP1R12A,-0,L1,0.09696542614120533,0.0297029702970297
cg07295550,ENSG00000082068,WDR70,-63261,L2,0.09696542614120533,0.0297029702970297
cg07312943,ENSG00000137801,THBS1,-178204,L2,0.09696542614120533,0.0297029702970297
cg07312943,ENSG00000150667,FSIP1,-0,L1,0.09696542614120533,0.0297029702970297
cg07474586,ENSG00000069011,PITX1,-159993,L2,0.09696542614120533,0.0297029702970297
cg07474586,ENSG00000113648,H2AFY,139091,L1,0.09696542614120533,0.0297029702970297
cg07778064,ENSG00000143970,ASXL2,-0,L1,0.09696542614120533,0.0297029702970297
cg07850454,ENSG00000237758,BANF1P3,-22853,L2,0.09696542614120533,0.0297029702970297
cg08247527,ENSG00000169439,SDC2,-231840,L2,0.09696542614120533,0.0297029702970297
cg08277137,ENSG00000242372,EIF6,-27207,L2,0.09696542614120533,0.0297029702970297
cg08355910,ENSG00000217094,PPIAP31,-51899,L2,0.09696542614120533,0.0297029702970297
cg08543630,ENSG00000136158,SPRY2,117873,L1,0.09696542614120533,0.0297029702970297
cg08552673,ENSG00000229032,AL445685.2,-21203,L2,0.09696542614120533,0.0297029702970297
cg08552673,ENSG00000117862,TXNDC12,18111,L1,0.09696542614120533,0.0297029702970297
cg08702550,ENSG00000183571,PGPEP1L,123888,R1,0.09696542614120533,0.0297029702970297
cg08704154,ENSG00000141028,CDRT15P1,629990,R1,0.09696542614120533,0.0297029702970297
cg08780063,ENSG00000182628,SKA2,111339,R1,0.09696542614120533,0.0297029702970297
cg08878436,ENSG00000151239,TWF1,-163761,L2,0.09696542614120533,0.0297029702970297
cg09010113,ENSG00000122591,FAM126A,-5001,L1,0.09696542614120533,0.0297029702970297
cg09010113,ENSG00000122550,KLHL7,86624,R1,0.09696542614120533,0.0297029702970297
cg09032791,ENSG00000231333,RPL34P6,17074,R1,0.09696542614120533,0.0297029702970297
cg09201221,ENSG00000172795,DCP2,-518,L2,0.09696542614120533,0.0297029702970297
cg09201221,ENSG00000047188,YTHDC2,490978,R1,0.09696542614120533,0.0297029702970297
cg09400701,ENSG00000257368,AC063924.1,-192518,L2,0.09696542614120533,0.0297029702970297
cg09706368,ENSG00000215223,CYP51A1P3,160601,R1,0.09696542614120533,0.0297029702970297
cg09789239,ENSG00000123200,ZC3H13,-0,L1,0.09696542614120533,0.0297029702970297
cg09789239,ENSG00000080618,CPB2,13235,R1,0.09696542614120533,0.0297029702970297
cg09860047,ENSG00000169047,IRS1,-69791,L2,0.09696542614120533,0.0297029702970297
cg09860047,ENSG00000144468,RHBDD1,-0,L1,0.09696542614120533,0.0297029702970297
cg09860047,ENSG00000081052,COL4A4,133158,R1,0.09696542614120533,0.0297029702970297
cg09892947,ENSG00000116717,GADD45A,58559,R1,0.09696542614120533,0.0297029702970297
cg10337562,ENSG00000035403,VCL,-0,L1,0.09696542614120533,0.0297029702970297
cg10337562,ENSG00000185009,AP3M1,92242,R1,0.09696542614120533,0.0297029702970297
cg10355293,ENSG00000154589,LY96,-81113,L2,0.09696542614120533,0.0297029702970297
cg10419493,ENSG00000235962,RPL7AP53,-213987,L2,0.09696542614120533,0.0297029702970297
cg10419493,ENSG00000099250,NRP1,-0,L1,0.09696542614120533,0.0297029702970297
cg10581129,ENSG00000215049,PRDX2P1,70580,R1,0.09696542614120533,0.0297029702970297
cg10598117,ENSG00000171316,CHD7,115352,R1,0.09696542614120533,0.0297029702970297
cg10743102,ENSG00000177565,TBL1XR1,-109801,L2,0.09696542614120533,0.0297029702970297
cg10801719,ENSG00000271682,AC092960.1,-64259,L2,0.09696542614120533,0.0297029702970297
cg10844712,ENSG00000240342,RPS2P5,15832,R1,0.09696542614120533,0.0297029702970297
cg11185950,ENSG00000171617,ENC1,440571,R1,0.09696542614120533,0.0297029702970297
cg11601291,ENSG00000101916,TLR8,-79521,L2,0.09696542614120533,0.0297029702970297
cg12328429,ENSG00000150687,PRSS23,151965,R1,0.09696542614120533,0.0297029702970297
cg12465685,ENSG00000169926,KLF13,247239,R1,0.09696542614120533,0.0297029702970297
cg12510044,ENSG00000100027,YPEL1,-25389,L2,0.09696542614120533,0.0297029702970297
cg12510044,ENSG00000100030,MAPK1,-0,L1,0.09696542614120533,0.0297029702970297
cg12633652,ENSG00000116285,ERRFI1,839,L1,0.09696542614120533,0.0297029702970297
cg12793238,ENSG00000173692,PSMD1,-0,L1,0.09696542614120533,0.0297029702970297
cg12865675,ENSG00000225051,HMGB3P22,-35215,L2,0.09696542614120533,0.0297029702970297
cg12865675,ENSG00000161021,MAML1,2836,R1,0.09696542614120533,0.0297029702970297
cg13311549,ENSG00000070882,OSBPL3,-0,L1,0.09696542614120533,0.0297029702970297
cg13569342,ENSG00000151239,TWF1,-55336,L2,0.09696542614120533,0.0297029702970297
cg13800897,ENSG00000239474,KLHL41,2052,R1,0.09696542614120533,0.0297029702970297
cg14124194,ENSG00000119820,YIPF4,-105674,L2,0.09696542614120533,0.0297029702970297
cg14124194,ENSG00000279897,BIRC6-AS2,135002,R1,0.09696542614120533,0.0297029702970297
cg14129328,ENSG00000185873,TMPRSS11B,-27291,L2,0.09696542614120533,0.0297029702970297
cg14129328,ENSG00000250642,AC098799.3,9447,L1,0.09696542614120533,0.0297029702970297
cg14301710,ENSG00000119771,KLHL29,-49802,L2,0.09696542614120533,0.0297029702970297
cg14301710,ENSG00000224464,PGAM1P6,113852,R1,0.09696542614120533,0.0297029702970297
cg14629168,ENSG00000137288,UQCC2,-0,L1,0.09696542614120533,0.0297029702970297
cg14833977,ENSG00000138316,ADAMTS14,38195,R1,0.09696542614120533,0.0297029702970297
cg14995018,ENSG00000224829,TOMM20P1,-153341,L2,0.09696542614120533,0.0297029702970297
cg15041658,ENSG00000070882,OSBPL3,-0,L1,0.09696542614120533,0.0297029702970297
cg15296758,ENSG00000224367,OACYLP,80331,R1,0.09696542614120533,0.0297029702970297
cg15555000,ENSG00000155329,ZCCHC10,-45570,L2,0.09696542614120533,0.0297029702970297
cg15964920,ENSG00000273167,AL359736.1,-0,R1,0.09696542614120533,0.0297029702970297
cg16236275,ENSG00000218313,AL139274.1,-7917,L2,0.09696542614120533,0.0297029702970297
cg16236275,ENSG00000164411,GJB7,100755,R1,0.09696542614120533,0.0297029702970297
cg16237600,ENSG00000164040,PGRMC2,-238814,L1,0.09696542614120533,0.0297029702970297
cg16237600,ENSG00000077684,JADE1,282054,R1,0.09696542614120533,0.0297029702970297
cg16362730,ENSG00000233287,AC009362.1,-122881,L2,0.09696542614120533,0.0297029702970297
cg16521851,ENSG00000228721,AC016909.1,-902176,L2,0.09696542614120533,0.0297029702970297
cg16624984,ENSG00000149948,HMGA2,-0,L1,0.09696542614120533,0.0297029702970297
cg16639568,ENSG00000214651,AL513122.1,-82129,L2,0.09696542614120533,0.0297029702970297
cg16639568,ENSG00000148180,GSN,-0,L1,0.09696542614120533,0.0297029702970297
cg16639568,ENSG00000148175,STOM,16767,R1,0.09696542614120533,0.0297029702970297
cg17159757,ENSG00000183032,SLC25A21,-29614,L2,0.09696542614120533,0.0297029702970297
cg17253051,ENSG00000070882,OSBPL3,-0,L1,0.09696542614120533,0.0297029702970297
cg17293973,ENSG00000152154,TMEM178A,-3144,L1,0.09696542614120533,0.0297029702970297
cg17293973,ENSG00000138050,THUMPD2,14950,R1,0.09696542614120533,0.0297029702970297
cg17428624,ENSG00000115221,ITGB6,-289073,L2,0.09696542614120533,0.0297029702970297
cg17428624,ENSG00000153250,RBMS1,-0,L1,0.09696542614120533,0.0297029702970297
cg17475117,ENSG00000109689,STIM2,-0,L1,0.09696542614120533,0.0297029702970297
cg17528920,ENSG00000220184,HMGB3P18,86980,R1,0.09696542614120533,0.0297029702970297
cg17631924,ENSG00000240873,RPS29P22,82056,R1,0.09696542614120533,0.0297029702970297
cg17736802,ENSG00000102804,TSC22D1,130643,R1,0.09696542614120533,0.0297029702970297
cg17819066,ENSG00000068784,SRBD1,-0,L1,0.09696542614120533,0.0297029702970297
cg17978240,ENSG00000255780,AC020611.1,-45696,L2,0.09696542614120533,0.0297029702970297
cg18283624,ENSG00000137473,TTC29,-393475,L2,0.09696542614120533,0.0297029702970297
cg18326719,ENSG00000135272,MDFIC,-0,L1,0.09696542614120533,0.0297029702970297
cg18426836,ENSG00000146373,RNF217,-2800,L1,0.09696542614120533,0.0297029702970297
cg18440774,ENSG00000249531,AC098799.2,-44202,L2,0.09696542614120533,0.0297029702970297
cg18567764,ENSG00000157827,FMNL2,36231,L1,0.09696542614120533,0.0297029702970297
cg18751231,ENSG00000283154,IQCJ-SCHIP1,-0,L1,0.09696542614120533,0.0297029702970297
cg18751231,ENSG00000151967,SCHIP1,52608,R1,0.09696542614120533,0.0297029702970297
cg18758900,ENSG00000149948,HMGA2,98509,R1,0.09696542614120533,0.0297029702970297
cg18803039,ENSG00000168405,CMAHP,-0,L1,0.09696542614120533,0.0297029702970297
cg19230041,ENSG00000274879,AC009804.1,-409031,L2,0.09696542614120533,0.0297029702970297
cg19230041,ENSG00000241656,UBA52P7,253635,L1,0.09696542614120533,0.0297029702970297
cg19284571,ENSG00000144824,PHLDB2,-0,L1,0.09696542614120533,0.0297029702970297
cg19294038,ENSG00000126777,KTN1,-0,L1,0.09696542614120533,0.0297029702970297
cg19394293,ENSG00000244538,AC098583.1,112764,R1,0.09696542614120533,0.0297029702970297
cg19716603,ENSG00000227765,MYL12BP2,-86773,L2,0.09696542614120533,0.0297029702970297
cg19716603,ENSG00000168310,IRF2,1313,L1,0.09696542614120533,0.0297029702970297
cg19893316,ENSG00000212549,RNA5SP354,-305427,L2,0.09696542614120533,0.0297029702970297
cg20407675,ENSG00000170145,SIK2,-0,L1,0.09696542614120533,0.0297029702970297
cg20410553,ENSG00000230593,PPIAP40,-61862,L2,0.09696542614120533,0.0297029702970297
cg20671801,ENSG00000066084,DIP2B,-0,L1,0.09696542614120533,0.0297029702970297
cg20867953,ENSG00000126777,KTN1,-0,L1,0.09696542614120533,0.0297029702970297
cg21229718,ENSG00000127743,IL17B,-111192,L2,0.09696542614120533,0.0297029702970297
cg21229718,ENSG00000113712,CSNK1A1,-0,L1,0.09696542614120533,0.0297029702970297
cg21383913,ENSG00000165140,FBP1,-127532,L2,0.09696542614120533,0.0297029702970297
cg21383913,ENSG00000148120,C9orf3,-0,L1,0.09696542614120533,0.0297029702970297
cg21598389,ENSG00000157483,MYO1E,-0,L1,0.09696542614120533,0.0297029702970297
cg21720454,ENSG00000112695,COX7A2,245129,R1,0.09696542614120533,0.0297029702970297
cg21827867,ENSG00000151012,SLC7A11,653345,R1,0.09696542614120533,0.0297029702970297
cg21852417,ENSG00000240761,AC098831.1,-6714,L2,0.09696542614120533,0.0297029702970297
cg21911000,ENSG00000224791,KRT18P39,29912,R1,0.09696542614120533,0.0297029702970297
cg22688020,ENSG00000239470,AC011979.1,-14961,L2,0.09696542614120533,0.0297029702970297
cg22688020,ENSG00000133789,SWAP70,-0,L1,0.09696542614120533,0.0297029702970297
cg22691926,ENSG00000163491,NEK10,-0,L1,0.09696542614120533,0.0297029702970297
cg22712894,ENSG00000113657,DPYSL3,86930,R1,0.09696542614120533,0.0297029702970297
cg22859276,ENSG00000070882,OSBPL3,-0,L1,0.09696542614120533,0.0297029702970297
cg23156512,ENSG00000156239,N6AMT1,234657,L1,0.09696542614120533,0.0297029702970297
cg23194886,ENSG00000276156,AL138880.2,10934,R1,0.09696542614120533,0.0297029702970297
cg23302621,ENSG00000144824,PHLDB2,-0,L1,0.09696542614120533,0.0297029702970297
cg23335202,ENSG00000124678,TCP11,-3829,L1,0.09696542614120533,0.0297029702970297
cg23371833,ENSG00000177311,ZBTB38,-0,L1,0.09696542614120533,0.0297029702970297
cg23378935,ENSG00000255725,TDGP1,300839,R1,0.09696542614120533,0.0297029702970297
cg23394817,ENSG00000157168,NRG1,-0,L1,0.09696542614120533,0.0297029702970297
cg23468453,ENSG00000226701,RPL15P14,43165,R1,0.09696542614120533,0.0297029702970297
cg23488180,ENSG00000164532,TBX20,-447012,L2,0.09696542614120533,0.0297029702970297
cg23563931,ENSG00000250229,AC111193.1,386294,R1,0.09696542614120533,0.0297029702970297
cg23581176,ENSG00000203778,FAM229B,-124616,L2,0.09696542614120533,0.0297029702970297
cg23581176,ENSG00000112769,LAMA4,-0,L1,0.09696542614120533,0.0297029702970297
cg23796755,ENSG00000254612,AP001000.1,1110342,R2,0.09696542614120533,0.0297029702970297
cg24095837,ENSG00000065548,ZC3H15,-23791,L1,0.09696542614120533,0.0297029702970297
cg24095837,ENSG00000138448,ITGAV,56901,R1,0.09696542614120533,0.0297029702970297
cg24594109,ENSG00000254305,MRPL9P1,-238857,L2,0.09696542614120533,0.0297029702970297
cg24603972,ENSG00000165449,SLC16A9,-0,L1,0.09696542614120533,0.0297029702970297
cg24890545,ENSG00000197442,MAP3K5,-0,L1,0.09696542614120533,0.0297029702970297
cg25209672,ENSG00000164122,ASB5,27441,R1,0.09696542614120533,0.0297029702970297
cg25594833,ENSG00000227034,AL445433.1,25974,R1,0.09696542614120533,0.0297029702970297
cg25707951,ENSG00000285253,AC090517.4,-317920,L2,0.09696542614120533,0.0297029702970297
cg25707951,ENSG00000260689,HNRNPA3P11,10466,R1,0.09696542614120533,0.0297029702970297
cg25913016,ENSG00000213090,AC007256.1,-5933,L2,0.09696542614120533,0.0297029702970297
cg26335577,ENSG00000222778,RNA5SP144,-403856,L1,0.09696542614120533,0.0297029702970297
cg26389955,ENSG00000154229,PRKCA,-0,L1,0.09696542614120533,0.0297029702970297
cg26452584,ENSG00000152779,SLC16A12,-0,L1,0.09696542614120533,0.0297029702970297
cg26592432,ENSG00000235695,AC130472.1,-5653,L2,0.09696542614120533,0.0297029702970297
cg26636443,ENSG00000253623,AC009879.1,-25124,L2,0.09696542614120533,0.0297029702970297
cg26636443,ENSG00000285791,AC009879.3,-0,R1,0.09696542614120533,0.0297029702970297
cg26647734,ENSG00000133195,SLC39A11,-0,L1,0.09696542614120533,0.0297029702970297
cg27021765,ENSG00000117335,CD46,-149133,L2,0.09696542614120533,0.0297029702970297
cg27021765,ENSG00000076356,PLXNA2,77593,R1,0.09696542614120533,0.0297029702970297
cg27198040,ENSG00000244712,AC084754.1,-194270,L2,0.09696542614120533,0.0297029702970297
cg27198040,ENSG00000123106,CCDC91,-177900,L1,0.09696542614120533,0.0297029702970297
cg27281546,ENSG00000128965,CHAC1,-147862,L2,0.09696542614120533,0.0297029702970297
cg27423071,ENSG00000162976,PQLC3,-61419,L2,0.09696542614120533,0.0297029702970297
cg27423071,ENSG00000230154,AC018463.1,67733,R1,0.09696542614120533,0.0297029702970297
cg00645628,ENSG00000162694,EXTL2,124272,R1,0.30853753872598694,0.09900990099009901
cg00755791,ENSG00000035403,VCL,-0,L1,0.30853753872598694,0.09900990099009901
cg00755791,ENSG00000185009,AP3M1,111550,R1,0.30853753872598694,0.09900990099009901
cg06477050,ENSG00000284670,AC092128.1,903236,R1,0.30853753872598694,0.09900990099009901
cg07270259,ENSG00000148498,PARD3,-0,L1,0.30853753872598694,0.09900990099009901
cg09326079,ENSG00000163359,COL6A3,125242,R1,0.30853753872598694,0.09900990099009901
cg20977769,ENSG00000233109,AC013701.1,89051,L1,0.30853753872598694,0.09900990099009901
cg20977769,ENSG00000019549,SNAI2,92733,R1,0.30853753872598694,0.09900990099009901
cg21518279,ENSG00000163491,NEK10,-39449,L2,0.30853753872598694,0.09900990099009901
cg21518279,ENSG00000227523,RPS20P15,53594,R1,0.30853753872598694,0.09900990099009901
cg21670828,ENSG00000232556,AC092570.2,-272524,L2,0.30853753872598694,0.09900990099009901
cg21670828,ENSG00000071054,MAP4K4,-0,L1,0.30853753872598694,0.09900990099009901
cg22135685,ENSG00000244245,AC133134.1,724243,R1,0.30853753872598694,0.09900990099009901
cg22279720,ENSG00000235962,RPL7AP53,-256536,L2,0.30853753872598694,0.09900990099009901
cg22279720,ENSG00000099250,NRP1,-0,L1,0.30853753872598694,0.09900990099009901
cg22511019,ENSG00000232716,AC016831.3,508,L1,0.30853753872598694,0.09900990099009901
cg27421918,ENSG00000015475,BID,61583,R1,0.30853753872598694,0.09900990099009901
cg00645628,ENSG00000162692,VCAM1,-9052,L1,0.9331927987311419,0.9702970297029703
cg00755791,ENSG00000222047,C10orf55,-85925,L2,0.9331927987311419,0.9702970297029703
cg01339650,ENSG00000258597,SERPINA2,6965,L1,0.9331927987311419,0.9702970297029703
cg01339650,ENSG00000197249,SERPINA1,19399,R1,0.9331927987311419,0.9702970297029703
cg01415122,ENSG00000203363,AC012454.1,-15575,L2,0.9331927987311419,0.9702970297029703
cg01415122,ENSG00000115523,GNLY,-3768,L1,0.9331927987311419,0.9702970297029703
cg01415122,ENSG00000168874,ATOH8,48719,R1,0.9331927987311419,0.9702970297029703
cg06477050,ENSG00000140836,ZFHX3,-0,L1,0.9331927987311419,0.9702970297029703
cg07790104,ENSG00000196569,LAMA2,-151560,L2,0.9331927987311419,0.9702970297029703
cg07790104,ENSG00000146376,ARHGAP18,-0,L1,0.9331927987311419,0.9702970297029703
cg09326079,ENSG00000144476,ACKR3,-616404,L2,0.9331927987311419,0.9702970297029703
cg09326079,ENSG00000198612,COPS8,-98284,L1,0.9331927987311419,0.9702970297029703
cg11092558,ENSG00000152822,GRM1,-0,L1,0.9331927987311419,0.9702970297029703
cg13404688,ENSG00000171862,PTEN,-144636,L2,0.9331927987311419,0.9702970297029703
cg15804051,ENSG00000229817,AL133412.1,-46162,L2,0.9331927987311419,0.9702970297029703
cg15804051,ENSG00000106952,TNFSF8,-0,L1,0.9331927987311419,0.9702970297029703
cg15804051,ENSG00000173077,DEC1,-0,R1,0.9331927987311419,0.9702970297029703
cg16379336,ENSG00000228121,PHBP3,-767209,L2,0.9331927987311419,0.9702970297029703
cg16379336,ENSG00000172456,FGGY,-0,L1,0.9331927987311419,0.9702970297029703
cg16379336,ENSG00000134709,HOOK1,47080,R1,0.9331927987311419,0.9702970297029703
cg20977769,ENSG00000034239,EFCAB1,-89551,L2,0.9331927987311419,0.9702970297029703
cg21256766,ENSG00000237206,IMPDH1P4,473552,R1,0.9331927987311419,0.9702970297029703
cg21481962,ENSG00000196482,ESRRG,-424789,L2,0.9331927987311419,0.9702970297029703
cg21481962,ENSG00000092978,GPATCH2,-0,L1,0.9331927987311419,0.9702970297029703
cg21481962,ENSG00000162814,SPATA17,68777,R1,0.9331927987311419,0.9702970297029703
cg21518279,ENSG00000033867,SLC4A7,-0,L1,0.9331927987311419,0.9702970297029703
cg21670828,ENSG00000115590,IL1R2,197457,R1,0.9331927987311419,0.9702970297029703
cg22135685,ENSG00000145743,FBXL17,-0,L1,0.9331927987311419,0.9702970297029703
cg22405226,ENSG00000112773,TENT5A,-154114,L2,0.9331927987311419,0.9702970297029703
cg22405226,ENSG00000005700,IBTK,263095,R1,0.9331927987311419,0.9702970297029703
cg22511019,ENSG00000128585,MKLN1,270400,R1,0.9331927987311419,0.9702970297029703
cg24498417,ENSG00000119878,CRIPT,-111957,L2,0.9331927987311419,0.9702970297029703
cg24498417,ENSG00000171150,SOCS5,-0,L1,0.9331927987311419,0.9702970297029703
cg24498417,ENSG00000180398,MCFD2,164168,R1,0.9331927987311419,0.9702970297029703
cg25684873,ENSG00000109814,UGDH,-136989,L2,0.9331927987311419,0.9702970297029703
cg25684873,ENSG00000163683,SMIM14,-26398,L1,0.9331927987311419,0.9702970297029703
cg25684873,ENSG00000078140,UBE2K,32806,R1,0.9331927987311419,0.9702970297029703
cg27421918,ENSG00000131100,ATP6V1E1,-43803,L2,0.9331927987311419,0.9702970297029703
cg27421918,ENSG00000099968,BCL2L13,-0,L1,0.9331927987311419,0.9702970297029703
cg00129234,ENSG00000144810,COL8A1,-248568,L2,0.9848085890117112,0.9900990099009901
cg00230686,ENSG00000166073,GPR176,-21590,L2,0.9848085890117112,0.9900990099009901
cg00230686,ENSG00000128829,EIF2AK4,-0,L1,0.9848085890117112,0.9900990099009901
cg00314861,ENSG00000143340,FAM163A,-22334,L2,0.9848085890117112,0.9900990099009901
cg00314861,ENSG00000169905,TOR1AIP2,1432,L1,0.9848085890117112,0.9900990099009901
cg00314861,ENSG00000143337,TOR1AIP1,43507,R1,0.9848085890117112,0.9900990099009901
cg00442390,ENSG00000220666,RCC2P7,-286322,L2,0.9848085890117112,0.9900990099009901
cg00442390,ENSG00000151914,DST,-0,L1,0.9848085890117112,0.9900990099009901
cg00527928,ENSG00000174606,ANGEL2,-25660,L2,0.9848085890117112,0.9900990099009901
cg00533523,ENSG00000259227,AC087699.1,-66865,L2,0.9848085890117112,0.9900990099009901
cg00533523,ENSG00000259452,AC009269.1,121629,R1,0.9848085890117112,0.9900990099009901
cg00750399,ENSG00000198265,HELZ,-0,L1,0.9848085890117112,0.9900990099009901
cg00755661,ENSG00000143079,CTTNBP2NL,-0,L1,0.9848085890117112,0.9900990099009901
cg00755661,ENSG00000134245,WNT2B,62636,R1,0.9848085890117112,0.9900990099009901
cg01048228,ENSG00000144357,UBR3,-0,L1,0.9848085890117112,0.9900990099009901
cg01054805,ENSG00000264296,AC090666.1,-67014,L2,0.9848085890117112,0.9900990099009901
cg01054805,ENSG00000101751,POLI,59810,R1,0.9848085890117112,0.9900990099009901
cg01087456,ENSG00000166233,ARIH1,-0,L1,0.9848085890117112,0.9900990099009901
cg01087456,ENSG00000278313,AC100827.5,49224,R1,0.9848085890117112,0.9900990099009901
cg01191064,ENSG00000113083,LOX,-0,L1,0.9848085890117112,0.9900990099009901
cg01191064,ENSG00000151304,SRFBP1,-0,R1,0.9848085890117112,0.9900990099009901
cg01362350,ENSG00000115828,QPCT,-215004,L2,0.9848085890117112,0.9900990099009901
cg01362350,ENSG00000163171,CDC42EP3,53553,L1,0.9848085890117112,0.9900990099009901
cg01362350,ENSG00000225402,AC010878.1,228586,R1,0.9848085890117112,0.9900990099009901
cg01373217,ENSG00000214823,NXT1P1,-231223,L2,0.9848085890117112,0.9900990099009901
cg01373217,ENSG00000133103,COG6,254450,R1,0.9848085890117112,0.9900990099009901
cg01610639,ENSG00000240376,AC010343.1,-154717,L2,0.9848085890117112,0.9900990099009901
cg01654432,ENSG00000196932,TMEM26,-22138,L1,0.9848085890117112,0.9900990099009901
cg01761256,ENSG00000259079,AC005476.1,-446361,L2,0.9848085890117112,0.9900990099009901
cg01761256,ENSG00000197555,SIPA1L1,-35870,L1,0.9848085890117112,0.9900990099009901
cg01761256,ENSG00000182732,RGS6,155327,R1,0.9848085890117112,0.9900990099009901
cg01947787,ENSG00000116690,PRG4,433795,R1,0.9848085890117112,0.9900990099009901
cg02135122,ENSG00000156650,KAT6B,-0,L1,0.9848085890117112,0.9900990099009901
cg02203737,ENSG00000173418,NAA20,188587,R1,0.9848085890117112,0.9900990099009901
cg02339482,ENSG00000188958,UTS2B,-19992,L2,0.9848085890117112,0.9900990099009901
cg02339482,ENSG00000152492,CCDC50,-0,L1,0.9848085890117112,0.9900990099009901
cg02370222,ENSG00000217227,AL079341.1,-23950,L2,0.9848085890117112,0.9900990099009901
cg02370222,ENSG00000183826,BTBD9,-0,L1,0.9848085890117112,0.9900990099009901
cg02370222,ENSG00000124767,GLO1,63443,R1,0.9848085890117112,0.9900990099009901
cg02552679,ENSG00000158169,FANCC,331043,R1,0.9848085890117112,0.9900990099009901
cg02607032,ENSG00000145439,CBR4,-132231,L2,0.9848085890117112,0.9900990099009901
cg02607032,ENSG00000154447,SH3RF1,-0,L1,0.9848085890117112,0.9900990099009901
cg02607032,ENSG00000214671,RPL6P12,23763,R1,0.9848085890117112,0.9900990099009901
cg02631092,ENSG00000107859,PITX3,-101079,L2,0.9848085890117112,0.9900990099009901
cg02728857,ENSG00000187240,DYNC2H1,-157780,L1,0.9848085890117112,0.9900990099009901
cg02728857,ENSG00000170962,PDGFD,269543,R1,0.9848085890117112,0.9900990099009901
cg02794358,ENSG00000115306,SPTBN1,-0,L1,0.9848085890117112,0.9900990099009901
cg02794358,ENSG00000214595,EML6,133816,R1,0.9848085890117112,0.9900990099009901
cg02801203,ENSG00000159263,SIM2,-15519,L2,0.9848085890117112,0.9900990099009901
cg02845658,ENSG00000136141,LRCH1,-0,L1,0.9848085890117112,0.9900990099009901
cg02845658,ENSG00000139684,ESD,156520,R1,0.9848085890117112,0.9900990099009901
cg02855302,ENSG00000166126,AMN,-53857,L2,0.9848085890117112,0.9900990099009901
cg02855302,ENSG00000198752,CDC42BPB,-0,L1,0.9848085890117112,0.9900990099009901
cg02866391,ENSG00000284242,AC009452.1,-181544,L2,0.9848085890117112,0.9900990099009901
cg02960777,ENSG00000187257,RSBN1L,-150508,L2,0.9848085890117112,0.9900990099009901
cg02960777,ENSG00000006576,PHTF2,-0,L1,0.9848085890117112,0.9900990099009901
cg02960777,ENSG00000187391,MAGI2,83522,R1,0.9848085890117112,0.9900990099009901
cg03098110,ENSG00000152620,NADK2,-0,L1,0.9848085890117112,0.9900990099009901
cg03098110,ENSG00000164188,RANBP3L,38507,R1,0.9848085890117112,0.9900990099009901
cg03407966,ENSG00000109436,TBC1D9,-0,L1,0.9848085890117112,0.9900990099009901
cg03414654,ENSG00000215512,AP005901.1,-5733400,L2,0.9848085890117112,0.9900990099009901
cg03414654,ENSG00000244527,AC022795.1,55497,R1,0.9848085890117112,0.9900990099009901
cg03503945,ENSG00000255075,CENPUP1,38411,R1,0.9848085890117112,0.9900990099009901
cg03607729,ENSG00000262700,AC133552.3,-32121,L2,0.9848085890117112,0.9900990099009901
cg03607729,ENSG00000205629,LCMT1,-0,L1,0.9848085890117112,0.9900990099009901
cg03607729,ENSG00000103375,AQP8,88352,R1,0.9848085890117112,0.9900990099009901
cg03935729,ENSG00000170962,PDGFD,-370090,L2,0.9848085890117112,0.9900990099009901
cg04004375,ENSG00000165891,E2F7,-53293,L1,0.9848085890117112,0.9900990099009901
cg04004375,ENSG00000067798,NAV3,205776,R1,0.9848085890117112,0.9900990099009901
cg04103247,ENSG00000118503,TNFAIP3,13524,L1,0.9848085890117112,0.9900990099009901
cg04103247,ENSG00000219463,RPSAP42,141580,R1,0.9848085890117112,0.9900990099009901
cg04117944,ENSG00000127334,DYRK2,-32252,L1,0.9848085890117112,0.9900990099009901
cg04328144,ENSG00000168216,LMBRD1,-0,L1,0.9848085890117112,0.9900990099009901
cg04328144,ENSG00000082293,COL19A1,108160,R1,0.9848085890117112,0.9900990099009901
cg04411245,ENSG00000107984,DKK1,481177,R1,0.9848085890117112,0.9900990099009901
cg04524417,ENSG00000151466,SCLT1,180831,R1,0.9848085890117112,0.9900990099009901
cg04659944,ENSG00000198691,ABCA4,-97403,L2,0.9848085890117112,0.9900990099009901
cg04659944,ENSG00000137962,ARHGAP29,-0,L1,0.9848085890117112,0.9900990099009901
cg04660885,ENSG00000141867,BRD4,-0,L1,0.9848085890117112,0.9900990099009901
cg05227844,ENSG00000226279,RPL12P10,-139715,L2,0.9848085890117112,0.9900990099009901
cg05325218,ENSG00000162924,REL,-0,L1,0.9848085890117112,0.9900990099009901
cg05325218,ENSG00000237522,NONOP2,51764,R1,0.9848085890117112,0.9900990099009901
cg05453626,ENSG00000120217,CD274,-92486,L2,0.9848085890117112,0.9900990099009901
cg05453626,ENSG00000107036,RIC1,65970,L1,0.9848085890117112,0.9900990099009901
cg05453626,ENSG00000099219,ERMP1,202021,R1,0.9848085890117112,0.9900990099009901
cg05511972,ENSG00000121211,MND1,-164891,L2,0.9848085890117112,0.9900990099009901
cg05511972,ENSG00000121210,TMEM131L,-0,L1,0.9848085890117112,0.9900990099009901
cg05511972,ENSG00000250771,AC106865.1,60156,R1,0.9848085890117112,0.9900990099009901
cg05790299,ENSG00000116793,PHTF1,38246,R1,0.9848085890117112,0.9900990099009901
cg05841636,ENSG00000115947,ORC4,-260799,L2,0.9848085890117112,0.9900990099009901
cg05841636,ENSG00000204406,MBD5,-0,L1,0.9848085890117112,0.9900990099009901
cg05841636,ENSG00000224007,AC019070.1,13250,R1,0.9848085890117112,0.9900990099009901
cg05841636,ENSG00000232238,RPS29P8,312752,R2,0.9848085890117112,0.9900990099009901
cg05843420,ENSG00000237406,NDUFA9P1,154954,R1,0.9848085890117112,0.9900990099009901
cg05898930,ENSG00000170579,DLGAP1,-0,L1,0.9848085890117112,0.9900990099009901
cg05898930,ENSG00000250933,GAPDHP66,189986,R1,0.9848085890117112,0.9900990099009901
cg05974410,ENSG00000012983,MAP4K5,-0,L1,0.9848085890117112,0.9900990099009901
cg05974410,ENSG00000198513,ATL1,30568,R1,0.9848085890117112,0.9900990099009901
cg06012428,ENSG00000049618,ARID1B,-0,L1,0.9848085890117112,0.9900990099009901
cg06012428,ENSG00000215712,TMEM242,133314,R1,0.9848085890117112,0.9900990099009901
cg06019273,ENSG00000220347,AL355297.1,-306073,L2,0.9848085890117112,0.9900990099009901
cg06019273,ENSG00000049618,ARID1B,-0,L1,0.9848085890117112,0.9900990099009901
cg06235145,ENSG00000169744,LDB2,-134533,L2,0.9848085890117112,0.9900990099009901
cg06307058,ENSG00000249367,FABP5P12,3850,R1,0.9848085890117112,0.9900990099009901
cg06422525,ENSG00000122482,ZNF644,-0,L1,0.9848085890117112,0.9900990099009901
cg06422525,ENSG00000232393,RPL5P6,96970,R1,0.9848085890117112,0.9900990099009901
cg06516909,ENSG00000133704,IPO8,208126,R1,0.9848085890117112,0.9900990099009901
cg06754557,ENSG00000172318,B3GALT1,-295340,L2,0.9848085890117112,0.9900990099009901
cg06754557,ENSG00000198648,STK39,-0,L1,0.9848085890117112,0.9900990099009901
cg07127693,ENSG00000100767,PAPLN,-19296,L2,0.9848085890117112,0.9900990099009901
cg07127693,ENSG00000187105,HEATR4,184545,R1,0.9848085890117112,0.9900990099009901
cg07295550,ENSG00000168621,GDNF,-0,L1,0.9848085890117112,0.9900990099009901
cg07312943,ENSG00000166073,GPR176,21359,R1,0.9848085890117112,0.9900990099009901
cg07328987,ENSG00000136141,LRCH1,-0,L1,0.9848085890117112,0.9900990099009901
cg07328987,ENSG00000139684,ESD,156473,R1,0.9848085890117112,0.9900990099009901
cg07397710,ENSG00000285932,AL133353.2,-10583,L2,0.9848085890117112,0.9900990099009901
cg07397710,ENSG00000119929,CUTC,-0,L1,0.9848085890117112,0.9900990099009901
cg07397710,ENSG00000023839,ABCC2,39942,R1,0.9848085890117112,0.9900990099009901
cg07403374,ENSG00000154217,PITPNC1,-55255,L2,0.9848085890117112,0.9900990099009901
cg07403374,ENSG00000130935,NOL11,-7985,L1,0.9848085890117112,0.9900990099009901
cg07474586,ENSG00000251380,DCANP1,249405,R1,0.9848085890117112,0.9900990099009901
cg07754412,ENSG00000109339,MAPK10,-126035,L2,0.9848085890117112,0.9900990099009901
cg07754412,ENSG00000163629,PTPN13,-0,L1,0.9848085890117112,0.9900990099009901
cg07778064,ENSG00000138101,DTNB,-87007,L2,0.9848085890117112,0.9900990099009901
cg07850454,ENSG00000135932,CAB39,-0,L1,0.9848085890117112,0.9900990099009901
cg07850454,ENSG00000270891,AC012507.3,88650,R1,0.9848085890117112,0.9900990099009901
cg07946345,ENSG00000113916,BCL6,-813259,L2,0.9848085890117112,0.9900990099009901
cg07946345,ENSG00000145012,LPP,-0,L1,0.9848085890117112,0.9900990099009901
cg07946345,ENSG00000188001,TPRG1,388227,R1,0.9848085890117112,0.9900990099009901
cg08051371,ENSG00000167363,FN3K,-40594,L2,0.9848085890117112,0.9900990099009901
cg08051371,ENSG00000141556,TBCD,-0,L1,0.9848085890117112,0.9900990099009901
cg08051371,ENSG00000141579,ZNF750,37641,R1,0.9848085890117112,0.9900990099009901
cg08247527,ENSG00000104324,CPQ,-0,L1,0.9848085890117112,0.9900990099009901
cg08277137,ENSG00000101019,UQCC1,-0,L1,0.9848085890117112,0.9900990099009901
cg08277137,ENSG00000125965,GDF5,121152,R1,0.9848085890117112,0.9900990099009901
cg08355910,ENSG00000120616,EPC1,27032,R1,0.9848085890117112,0.9900990099009901
cg08543630,ENSG00000102471,NDFIP2,-662025,L2,0.9848085890117112,0.9900990099009901
cg08543630,ENSG00000227862,HNRNPA1P31,400995,R1,0.9848085890117112,0.9900990099009901
cg08552673,ENSG00000285839,AL445685.3,18133,R1,0.9848085890117112,0.9900990099009901
cg08702550,ENSG00000283597,FAM169B,-296610,L2,0.9848085890117112,0.9900990099009901
cg08702550,ENSG00000140443,IGF1R,-0,L1,0.9848085890117112,0.9900990099009901
cg08704154,ENSG00000006744,ELAC2,-376456,L2,0.9848085890117112,0.9900990099009901
cg08704154,ENSG00000153976,HS3ST3A1,99508,L1,0.9848085890117112,0.9900990099009901
cg08780063,ENSG00000241462,AC100832.1,-98823,L2,0.9848085890117112,0.9900990099009901
cg08780063,ENSG00000108395,TRIM37,-0,L1,0.9848085890117112,0.9900990099009901
cg08873277,ENSG00000121211,MND1,-87402,L2,0.9848085890117112,0.9900990099009901
cg08873277,ENSG00000121210,TMEM131L,-0,L1,0.9848085890117112,0.9900990099009901
cg08873277,ENSG00000250771,AC106865.1,137645,R1,0.9848085890117112,0.9900990099009901
cg08878436,ENSG00000139173,TMEM117,-0,L1,0.9848085890117112,0.9900990099009901
cg08878436,ENSG00000258212,ZNF75BP,38481,R1,0.9848085890117112,0.9900990099009901
cg09010113,ENSG00000226279,RPL12P10,-136741,L2,0.9848085890117112,0.9900990099009901
cg09032791,ENSG00000118197,DDX59,-176824,L2,0.9848085890117112,0.9900990099009901
cg09032791,ENSG00000118200,CAMSAP2,-0,L1,0.9848085890117112,0.9900990099009901
cg09117950,ENSG00000141027,NCOR1,-0,L1,0.9848085890117112,0.9900990099009901
cg09117950,ENSG00000108474,PIGL,66819,R1,0.9848085890117112,0.9900990099009901
cg09201221,ENSG00000171444,MCC,-0,L1,0.9848085890117112,0.9900990099009901
cg09305261,ENSG00000115825,PRKD3,-134178,L2,0.9848085890117112,0.9900990099009901
cg09305261,ENSG00000115828,QPCT,-85664,L1,0.9848085890117112,0.9900990099009901
cg09305261,ENSG00000163171,CDC42EP3,182893,R1,0.9848085890117112,0.9900990099009901
cg09400701,ENSG00000189079,ARID2,91747,L1,0.9848085890117112,0.9900990099009901
cg09400701,ENSG00000270429,KNOP1P2,242991,R1,0.9848085890117112,0.9900990099009901
cg09549329,ENSG00000000460,C1orf112,-31300,L2,0.9848085890117112,0.9900990099009901
cg09549329,ENSG00000000457,SCYL3,-0,L1,0.9848085890117112,0.9900990099009901
cg09549329,ENSG00000075945,KIFAP3,35943,R1,0.9848085890117112,0.9900990099009901
cg09706368,ENSG00000111961,SASH1,-0,L1,0.9848085890117112,0.9900990099009901
cg09789239,ENSG00000174015,SPERT,-325389,L2,0.9848085890117112,0.9900990099009901
cg10088622,ENSG00000134201,GSTM5,-57830,L2,0.9848085890117112,0.9900990099009901
cg10088622,ENSG00000184371,CSF1,76981,R1,0.9848085890117112,0.9900990099009901
cg10095950,ENSG00000138698,RAP1GDS1,-78684,L2,0.9848085890117112,0.9900990099009901
cg10095950,ENSG00000168785,TSPAN5,-0,L1,0.9848085890117112,0.9900990099009901
cg10337562,ENSG00000222047,C10orf55,-105233,L2,0.9848085890117112,0.9900990099009901
cg10519393,ENSG00000235674,LDHAP2,-82808,L2,0.9848085890117112,0.9900990099009901
cg10519393,ENSG00000143669,LYST,-0,L1,0.9848085890117112,0.9900990099009901
cg10519393,ENSG00000116962,NID1,154030,R1,0.9848085890117112,0.9900990099009901
cg10581129,ENSG00000102781,KATNAL1,-0,L1,0.9848085890117112,0.9900990099009901
cg10598117,ENSG00000104388,RAB2A,-0,L1,0.9848085890117112,0.9900990099009901
cg10743102,ENSG00000236893,ASS1P7,-39415,L1,0.9848085890117112,0.9900990099009901
cg10743102,ENSG00000277241,AC026355.3,362542,R1,0.9848085890117112,0.9900990099009901
cg10750493,ENSG00000071991,CDH19,-628363,L2,0.9848085890117112,0.9900990099009901
cg10750493,ENSG00000265936,AC091042.1,142629,R1,0.9848085890117112,0.9900990099009901
cg10801719,ENSG00000172578,KLHL6,-0,L1,0.9848085890117112,0.9900990099009901
cg10801719,ENSG00000243584,AC068769.1,86157,R1,0.9848085890117112,0.9900990099009901
cg10844712,ENSG00000089220,PEBP1,-84665,L2,0.9848085890117112,0.9900990099009901
cg10844712,ENSG00000135090,TAOK3,-0,L1,0.9848085890117112,0.9900990099009901
cg11000397,ENSG00000228171,AC121251.1,-254928,L2,0.9848085890117112,0.9900990099009901
cg11000397,ENSG00000182247,UBE2E2,-53043,L1,0.9848085890117112,0.9900990099009901
cg11000397,ENSG00000170142,UBE2E1,161063,R1,0.9848085890117112,0.9900990099009901
cg11080206,ENSG00000165071,TMEM71,-32490,L2,0.9848085890117112,0.9900990099009901
cg11080206,ENSG00000129292,PHF20L1,-0,L1,0.9848085890117112,0.9900990099009901
cg11080206,ENSG00000042832,TG,73753,R1,0.9848085890117112,0.9900990099009901
cg11185950,ENSG00000184084,AC091868.1,-383233,L2,0.9848085890117112,0.9900990099009901
cg11185950,ENSG00000214944,ARHGEF28,-244839,L1,0.9848085890117112,0.9900990099009901
cg11549294,ENSG00000226285,NUP35P2,-70920,L2,0.9848085890117112,0.9900990099009901
cg11549294,ENSG00000127955,GNAI1,152252,R1,0.9848085890117112,0.9900990099009901
cg11588579,ENSG00000141664,ZCCHC2,-252896,L2,0.9848085890117112,0.9900990099009901
cg11588579,ENSG00000081913,PHLPP1,-0,L1,0.9848085890117112,0.9900990099009901
cg11588579,ENSG00000171791,BCL2,282738,R1,0.9848085890117112,0.9900990099009901
cg11601291,ENSG00000205542,TMSB4X,-25463,L1,0.9848085890117112,0.9900990099009901
cg11601291,ENSG00000187268,FAM9C,32924,R1,0.9848085890117112,0.9900990099009901
cg11602350,ENSG00000036549,AC118549.1,-0,L1,0.9848085890117112,0.9900990099009901
cg11602350,ENSG00000077254,USP33,23974,R1,0.9848085890117112,0.9900990099009901
cg11823646,ENSG00000104447,TRPS1,-0,L1,0.9848085890117112,0.9900990099009901
cg11919577,ENSG00000182197,EXT1,-167655,L2,0.9848085890117112,0.9900990099009901
cg11919577,ENSG00000177570,SAMD12,-0,L1,0.9848085890117112,0.9900990099009901
cg11919577,ENSG00000242206,RPS26P35,482345,R1,0.9848085890117112,0.9900990099009901
cg11928064,ENSG00000114491,UMPS,-69689,L2,0.9848085890117112,0.9900990099009901
cg11928064,ENSG00000082781,ITGB5,-0,L1,0.9848085890117112,0.9900990099009901
cg11928064,ENSG00000243986,ENO1P3,43129,R1,0.9848085890117112,0.9900990099009901
cg12017630,ENSG00000218772,FAM8A6P,-118516,L1,0.9848085890117112,0.9900990099009901
cg12017630,ENSG00000213117,AL021939.1,174657,R1,0.9848085890117112,0.9900990099009901
cg12022883,ENSG00000122507,BBS9,-463865,L2,0.9848085890117112,0.9900990099009901
cg12022883,ENSG00000164619,BMPER,-0,L1,0.9848085890117112,0.9900990099009901
cg12022883,ENSG00000187258,NPSR1,588303,R1,0.9848085890117112,0.9900990099009901
cg12262847,ENSG00000228121,PHBP3,-752592,L2,0.9848085890117112,0.9900990099009901
cg12262847,ENSG00000172456,FGGY,-0,L1,0.9848085890117112,0.9900990099009901
cg12262847,ENSG00000134709,HOOK1,61697,R1,0.9848085890117112,0.9900990099009901
cg12328429,ENSG00000151376,ME3,-0,L1,0.9848085890117112,0.9900990099009901
cg12465685,ENSG00000166912,MTMR10,-87965,L2,0.9848085890117112,0.9900990099009901
cg12465685,ENSG00000134160,TRPM1,-0,L1,0.9848085890117112,0.9900990099009901
cg12518799,ENSG00000182473,EXOC7,-70495,L2,0.9848085890117112,0.9900990099009901
cg12518799,ENSG00000141576,RNF157,-0,L1,0.9848085890117112,0.9900990099009901
cg12518799,ENSG00000267376,ATP5MGP6,10570,R1,0.9848085890117112,0.9900990099009901
cg12592179,ENSG00000231845,HMGB3P14,-30714,L2,0.9848085890117112,0.9900990099009901
cg12592179,ENSG00000163785,RYK,-0,L1,0.9848085890117112,0.9900990099009901
cg12592179,ENSG00000214289,RPL39P5,150050,R1,0.9848085890117112,0.9900990099009901
cg12607269,ENSG00000141298,SSH2,-0,L1,0.9848085890117112,0.9900990099009901
cg12607269,ENSG00000176927,EFCAB5,13849,R1,0.9848085890117112,0.9900990099009901
cg12613081,ENSG00000135677,GNS,-28653,L2,0.9848085890117112,0.9900990099009901
cg12613081,ENSG00000111490,TBC1D30,-0,L1,0.9848085890117112,0.9900990099009901
cg12633652,ENSG00000116288,PARK7,-18057,L2,0.9848085890117112,0.9900990099009901
cg12633652,ENSG00000232848,AL034417.1,53680,R1,0.9848085890117112,0.9900990099009901
cg12793238,ENSG00000135931,ARMC9,86209,R1,0.9848085890117112,0.9900990099009901
cg12865675,ENSG00000127022,CANX,-0,L1,0.9848085890117112,0.9900990099009901
cg13311549,ENSG00000234999,SNRPCP19,-42455,L2,0.9848085890117112,0.9900990099009901
cg13311549,ENSG00000172115,CYCS,171039,R1,0.9848085890117112,0.9900990099009901
cg13552832,ENSG00000178031,ADAMTSL1,-0,L1,0.9848085890117112,0.9900990099009901
cg13552832,ENSG00000236857,RAP1BP1,224082,R1,0.9848085890117112,0.9900990099009901
cg13568821,ENSG00000186073,C15orf41,171933,R1,0.9848085890117112,0.9900990099009901
cg13569342,ENSG00000139173,TMEM117,-0,L1,0.9848085890117112,0.9900990099009901
cg13569342,ENSG00000258212,ZNF75BP,146906,R1,0.9848085890117112,0.9900990099009901
cg13743713,ENSG00000083782,EPYC,18623,R1,0.9848085890117112,0.9900990099009901
cg13794460,ENSG00000164117,FBXO8,-0,L1,0.9848085890117112,0.9900990099009901
cg13794460,ENSG00000164118,CEP44,23520,R1,0.9848085890117112,0.9900990099009901
cg13800897,ENSG00000163093,BBS5,-992,L2,0.9848085890117112,0.9900990099009901
cg13841443,ENSG00000153317,ASAP1,-206783,L2,0.9848085890117112,0.9900990099009901
cg13841443,ENSG00000254255,AC060788.1,1062052,R1,0.9848085890117112,0.9900990099009901
cg13979492,ENSG00000117143,UAP1,-173017,L2,0.9848085890117112,0.9900990099009901
cg13979492,ENSG00000162733,DDR2,-0,L1,0.9848085890117112,0.9900990099009901
cg13979492,ENSG00000132196,HSD17B7,17840,R1,0.9848085890117112,0.9900990099009901
cg14124194,ENSG00000115760,BIRC6,-0,L1,0.9848085890117112,0.9900990099009901
cg14129328,ENSG00000248639,AC098799.1,20113,R1,0.9848085890117112,0.9900990099009901
cg14298866,ENSG00000180801,ARSJ,-283560,L2,0.9848085890117112,0.9900990099009901
cg14298866,ENSG00000174607,UGT8,335480,R1,0.9848085890117112,0.9900990099009901
cg14301710,ENSG00000119778,ATAD2B,-0,L1,0.9848085890117112,0.9900990099009901
cg14471458,ENSG00000125246,CLYBL,-0,L1,0.9848085890117112,0.9900990099009901
cg14471458,ENSG00000139800,ZIC5,303602,R1,0.9848085890117112,0.9900990099009901
cg14625829,ENSG00000253555,AC011978.1,-70066,L2,0.9848085890117112,0.9900990099009901
cg14625829,ENSG00000185728,YTHDF3,-0,L1,0.9848085890117112,0.9900990099009901
cg14629168,ENSG00000096433,ITPR3,-9442,L2,0.9848085890117112,0.9900990099009901
cg14629168,ENSG00000161896,IP6K3,15643,R1,0.9848085890117112,0.9900990099009901
cg14717752,ENSG00000250182,EEF1A1P13,-32816,L2,0.9848085890117112,0.9900990099009901
cg14717752,ENSG00000154124,OTULIN,-0,L1,0.9848085890117112,0.9900990099009901
cg14717752,ENSG00000154122,ANKH,18652,R1,0.9848085890117112,0.9900990099009901
cg14833977,ENSG00000230661,YY1P1,-147983,L2,0.9848085890117112,0.9900990099009901
cg14833977,ENSG00000180644,PRF1,-31549,L1,0.9848085890117112,0.9900990099009901
cg14985741,ENSG00000151835,SACS,-241281,L2,0.9848085890117112,0.9900990099009901
cg14985741,ENSG00000127863,TNFRSF19,-0,L1,0.9848085890117112,0.9900990099009901
cg14985741,ENSG00000027001,MIPEP,55165,R1,0.9848085890117112,0.9900990099009901
cg14995018,ENSG00000149269,PAK1,-0,L1,0.9848085890117112,0.9900990099009901
cg14995018,ENSG00000074201,CLNS1A,47560,R1,0.9848085890117112,0.9900990099009901
cg15041658,ENSG00000105928,GSDME,-68506,L2,0.9848085890117112,0.9900990099009901
cg15041658,ENSG00000234999,SNRPCP19,79686,R1,0.9848085890117112,0.9900990099009901
cg15275308,ENSG00000230407,AC018717.1,-206012,L2,0.9848085890117112,0.9900990099009901
cg15275308,ENSG00000119042,SATB2,-0,L1,0.9848085890117112,0.9900990099009901
cg15275308,ENSG00000213938,SEPHS1P6,343448,R1,0.9848085890117112,0.9900990099009901
cg15296758,ENSG00000172175,MALT1,-161923,L2,0.9848085890117112,0.9900990099009901
cg15296758,ENSG00000074657,ZNF532,-0,L1,0.9848085890117112,0.9900990099009901
cg15478981,ENSG00000164627,KIF6,-0,L1,0.9848085890117112,0.9900990099009901
cg15478981,ENSG00000146122,DAAM2,122606,R1,0.9848085890117112,0.9900990099009901
cg15555000,ENSG00000170606,HSPA4,-0,L1,0.9848085890117112,0.9900990099009901
cg15555000,ENSG00000240611,AC010307.1,100041,R1,0.9848085890117112,0.9900990099009901
cg15964920,ENSG00000225674,IPO7P2,-55481,L2,0.9848085890117112,0.9900990099009901
cg15964920,ENSG00000182957,SPATA13,-0,L1,0.9848085890117112,0.9900990099009901
cg16039034,ENSG00000205359,SLCO6A1,-313318,L2,0.9848085890117112,0.9900990099009901
cg16039034,ENSG00000145730,PAM,-0,L1,0.9848085890117112,0.9900990099009901
cg16039034,ENSG00000175749,EIF3KP1,220039,R1,0.9848085890117112,0.9900990099009901
cg16236275,ENSG00000188994,ZNF292,-0,L1,0.9848085890117112,0.9900990099009901
cg16237600,ENSG00000138709,LARP1B,-304712,L2,0.9848085890117112,0.9900990099009901
cg16291587,ENSG00000249950,AC010587.2,375974,R1,0.9848085890117112,0.9900990099009901
cg16362730,ENSG00000128585,MKLN1,-0,L1,0.9848085890117112,0.9900990099009901
cg16362730,ENSG00000128567,PODXL,134383,R1,0.9848085890117112,0.9900990099009901
cg16521851,ENSG00000176771,NCKAP5,-244974,L1,0.9848085890117112,0.9900990099009901
cg16521851,ENSG00000152127,MGAT5,306543,R1,0.9848085890117112,0.9900990099009901
cg16604050,ENSG00000008086,CDKL5,-0,L1,0.9848085890117112,0.9900990099009901
cg16624984,ENSG00000241749,RPSAP52,-109358,L2,0.9848085890117112,0.9900990099009901
cg16624984,ENSG00000213343,RPL21P18,100877,R1,0.9848085890117112,0.9900990099009901
cg16864999,ENSG00000186318,BACE1,-3184,L2,0.9848085890117112,0.9900990099009901
cg16864999,ENSG00000110274,CEP164,-0,L1,0.9848085890117112,0.9900990099009901
cg16864999,ENSG00000177103,DSCAML1,108327,R2,0.9848085890117112,0.9900990099009901
cg16867414,ENSG00000152784,PRDM8,-21279,L1,0.9848085890117112,0.9900990099009901
cg16867414,ENSG00000138675,FGF5,40988,R1,0.9848085890117112,0.9900990099009901
cg16981685,ENSG00000023171,GRAMD1B,-0,L1,0.9848085890117112,0.9900990099009901
cg16981685,ENSG00000254449,SF3A3P2,163526,R1,0.9848085890117112,0.9900990099009901
cg17130544,ENSG00000168874,ATOH8,-165393,L2,0.9848085890117112,0.9900990099009901
cg17130544,ENSG00000115525,ST3GAL5,-51577,L1,0.9848085890117112,0.9900990099009901
cg17130544,ENSG00000068654,POLR1A,63437,R1,0.9848085890117112,0.9900990099009901
cg17159757,ENSG00000151338,MIPOL1,-0,L1,0.9848085890117112,0.9900990099009901
cg17253051,ENSG00000234999,SNRPCP19,-14708,L2,0.9848085890117112,0.9900990099009901
cg17253051,ENSG00000172115,CYCS,198786,R1,0.9848085890117112,0.9900990099009901
cg17293973,ENSG00000011566,MAP4K3,-283806,L2,0.9848085890117112,0.9900990099009901
cg17428624,ENSG00000232337,AC009313.2,559217,R1,0.9848085890117112,0.9900990099009901
cg17475117,ENSG00000248340,AC106047.1,-4724,L2,0.9848085890117112,0.9900990099009901
cg17526578,ENSG00000149636,DSN1,-68543,L2,0.9848085890117112,0.9900990099009901
cg17526578,ENSG00000149639,SOGA1,-0,L1,0.9848085890117112,0.9900990099009901
cg17526578,ENSG00000101342,TLDC2,33757,R1,0.9848085890117112,0.9900990099009901
cg17631924,ENSG00000266190,AC090287.1,-11915,L2,0.9848085890117112,0.9900990099009901
cg17631924,ENSG00000087095,NLK,7554,L1,0.9848085890117112,0.9900990099009901
cg17736802,ENSG00000139656,SMIM2,-140240,L2,0.9848085890117112,0.9900990099009901
cg17736802,ENSG00000151778,SERP2,72165,L1,0.9848085890117112,0.9900990099009901
cg17819066,ENSG00000231848,AC012354.2,-500728,L2,0.9848085890117112,0.9900990099009901
cg17819066,ENSG00000171132,PRKCE,153741,R1,0.9848085890117112,0.9900990099009901
cg17978240,ENSG00000196935,SRGAP1,-0,L1,0.9848085890117112,0.9900990099009901
cg17978240,ENSG00000174206,C12orf66,107952,R1,0.9848085890117112,0.9900990099009901
cg18205149,ENSG00000153064,BANK1,-315385,L2,0.9848085890117112,0.9900990099009901
cg18205149,ENSG00000138821,SLC39A8,-0,L1,0.9848085890117112,0.9900990099009901
cg18326719,ENSG00000128573,FOXP2,-250301,L2,0.9848085890117112,0.9900990099009901
cg18326719,ENSG00000226962,RAC1P6,192399,R1,0.9848085890117112,0.9900990099009901
cg18337432,ENSG00000218565,AL592429.1,-113063,L2,0.9848085890117112,0.9900990099009901
cg18337432,ENSG00000164442,CITED2,-77995,L1,0.9848085890117112,0.9900990099009901
cg18426836,ENSG00000188580,NKAIN2,-269776,L2,0.9848085890117112,0.9900990099009901
cg18426836,ENSG00000111907,TPD52L1,23613,R1,0.9848085890117112,0.9900990099009901
cg18440774,ENSG00000248122,APOOP4,-41722,L1,0.9848085890117112,0.9900990099009901
cg18567764,ENSG00000115145,STAM2,-123177,L2,0.9848085890117112,0.9900990099009901
cg18567764,ENSG00000213197,AC012066.1,90994,R1,0.9848085890117112,0.9900990099009901
cg18674653,ENSG00000219642,BMPR1AP1,-158865,L2,0.9848085890117112,0.9900990099009901
cg18674653,ENSG00000196569,LAMA2,-0,L1,0.9848085890117112,0.9900990099009901
cg18674653,ENSG00000146376,ARHGAP18,258144,R1,0.9848085890117112,0.9900990099009901
cg18688142,ENSG00000152818,UTRN,-0,L1,0.9848085890117112,0.9900990099009901
cg18751231,ENSG00000243116,AC092943.1,-64849,L2,0.9848085890117112,0.9900990099009901
cg18758900,ENSG00000213344,PCNPP3,-79157,L2,0.9848085890117112,0.9900990099009901
cg18758900,ENSG00000241749,RPSAP52,32398,L1,0.9848085890117112,0.9900990099009901
cg18803039,ENSG00000111913,RIPOR2,-77180,L2,0.9848085890117112,0.9900990099009901
cg18803039,ENSG00000219682,AL133268.1,20650,R1,0.9848085890117112,0.9900990099009901
cg18824050,ENSG00000143507,DUSP10,-59294,L1,0.9848085890117112,0.9900990099009901
cg18824050,ENSG00000227613,QRSL1P2,460447,R1,0.9848085890117112,0.9900990099009901
cg18891376,ENSG00000184838,PRR16,304217,L1,0.9848085890117112,0.9900990099009901
cg18891376,ENSG00000270741,PRELID3BP8,497994,R1,0.9848085890117112,0.9900990099009901
cg18960464,ENSG00000112242,E2F3,-159122,L2,0.9848085890117112,0.9900990099009901
cg18960464,ENSG00000145996,CDKAL1,-0,L1,0.9848085890117112,0.9900990099009901
cg19010198,ENSG00000213708,SLC16A14P1,-248684,L2,0.9848085890117112,0.9900990099009901
cg19010198,ENSG00000164830,OXR1,-0,L1,0.9848085890117112,0.9900990099009901
cg19010198,ENSG00000253676,TAGLN2P1,231522,R1,0.9848085890117112,0.9900990099009901
cg19230041,ENSG00000123066,MED13L,614903,R1,0.9848085890117112,0.9900990099009901
cg19284571,ENSG00000240891,PLCXD2,-0,R1,0.9848085890117112,0.9900990099009901
cg19294038,ENSG00000271484,ABI1P1,-151324,L2,0.9848085890117112,0.9900990099009901
cg19294038,ENSG00000177350,RPL13AP3,66727,R1,0.9848085890117112,0.9900990099009901
cg19394293,ENSG00000185774,KCNIP4,-532657,L2,0.9848085890117112,0.9900990099009901
cg19394293,ENSG00000152990,ADGRA3,-0,L1,0.9848085890117112,0.9900990099009901
cg19619807,ENSG00000224451,ATP5PBP1,-38973,L2,0.9848085890117112,0.9900990099009901
cg19619807,ENSG00000139668,WDFY2,-0,L1,0.9848085890117112,0.9900990099009901
cg19619807,ENSG00000285444,AL162377.3,125515,R1,0.9848085890117112,0.9900990099009901
cg19821128,ENSG00000237964,AC068042.1,-189078,L2,0.9848085890117112,0.9900990099009901
cg19821128,ENSG00000144331,ZNF385B,-0,L1,0.9848085890117112,0.9900990099009901
cg19893316,ENSG00000123104,ITPR2,-0,L1,0.9848085890117112,0.9900990099009901
cg20141362,ENSG00000198691,ABCA4,-149629,L2,0.9848085890117112,0.9900990099009901
cg20141362,ENSG00000137962,ARHGAP29,-0,L1,0.9848085890117112,0.9900990099009901
cg20211004,ENSG00000214628,NDUFB5P2,-67568,L2,0.9848085890117112,0.9900990099009901
cg20211004,ENSG00000147202,DIAPH2,-0,L1,0.9848085890117112,0.9900990099009901
cg20211004,ENSG00000233887,AL354685.1,825497,R1,0.9848085890117112,0.9900990099009901
cg20343559,ENSG00000277288,C10orf142,-76404,L2,0.9848085890117112,0.9900990099009901
cg20343559,ENSG00000107562,CXCL12,-0,L1,0.9848085890117112,0.9900990099009901
cg20343559,ENSG00000214089,RPL9P21,43593,R1,0.9848085890117112,0.9900990099009901
cg20407675,ENSG00000204381,LAYN,-44199,L2,0.9848085890117112,0.9900990099009901
cg20407675,ENSG00000235286,AP000925.1,65009,R1,0.9848085890117112,0.9900990099009901
cg20410553,ENSG00000167323,STIM1,-0,L1,0.9848085890117112,0.9900990099009901
cg20641568,ENSG00000121989,ACVR2A,61642,R1,0.9848085890117112,0.9900990099009901
cg20671801,ENSG00000161813,LARP4,-167540,L2,0.9848085890117112,0.9900990099009901
cg20867953,ENSG00000271484,ABI1P1,-117384,L2,0.9848085890117112,0.9900990099009901
cg20867953,ENSG00000177350,RPL13AP3,100667,R1,0.9848085890117112,0.9900990099009901
cg20903486,ENSG00000260582,TPST2P1,-4797,L2,0.9848085890117112,0.9900990099009901
cg20903486,ENSG00000186073,C15orf41,-0,L1,0.9848085890117112,0.9900990099009901
cg20903486,ENSG00000223518,CSNK1A1P1,166021,R1,0.9848085890117112,0.9900990099009901
cg21176488,ENSG00000113916,BCL6,-788228,L2,0.9848085890117112,0.9900990099009901
cg21176488,ENSG00000145012,LPP,-0,L1,0.9848085890117112,0.9900990099009901
cg21176488,ENSG00000188001,TPRG1,413258,R1,0.9848085890117112,0.9900990099009901
cg21229718,ENSG00000241112,RPL29P14,29986,R1,0.9848085890117112,0.9900990099009901
cg21256713,ENSG00000102098,SCML2,-106848,L2,0.9848085890117112,0.9900990099009901
cg21256713,ENSG00000008086,CDKL5,-0,L1,0.9848085890117112,0.9900990099009901
cg21367154,ENSG00000176463,SLCO3A1,-0,L1,0.9848085890117112,0.9900990099009901
cg21383913,ENSG00000158169,FANCC,331270,R1,0.9848085890117112,0.9900990099009901
cg21598389,ENSG00000157456,CCNB2,-167036,L2,0.9848085890117112,0.9900990099009901
cg21598389,ENSG00000157470,FAM81A,80609,R1,0.9848085890117112,0.9900990099009901
cg21714530,ENSG00000259500,KRT8P24,-58725,L2,0.9848085890117112,0.9900990099009901
cg21714530,ENSG00000138593,SECISBP2L,-0,L1,0.9848085890117112,0.9900990099009901
cg21714530,ENSG00000166200,COPS2,73979,R1,0.9848085890117112,0.9900990099009901
cg21720454,ENSG00000219736,AL356473.1,-142059,L2,0.9848085890117112,0.9900990099009901
cg21720454,ENSG00000111799,COL12A1,91780,L1,0.9848085890117112,0.9900990099009901
cg21827867,ENSG00000213448,RPS23P2,-62248,L2,0.9848085890117112,0.9900990099009901
cg21827867,ENSG00000189184,PCDH18,8166,L1,0.9848085890117112,0.9900990099009901
cg21852417,ENSG00000163596,ICA1L,-0,L1,0.9848085890117112,0.9900990099009901
cg21852417,ENSG00000233579,KRT8P15,59254,R1,0.9848085890117112,0.9900990099009901
cg21911000,ENSG00000178562,CD28,-0,L1,0.9848085890117112,0.9900990099009901
cg21940735,ENSG00000273497,AL359198.2,-56875,L2,0.9848085890117112,0.9900990099009901
cg21940735,ENSG00000095564,BTAF1,-0,L1,0.9848085890117112,0.9900990099009901
cg21940735,ENSG00000107864,CPEB3,92917,R1,0.9848085890117112,0.9900990099009901
cg22688020,ENSG00000133812,SBF2,102783,R1,0.9848085890117112,0.9900990099009901
cg22691926,ENSG00000179796,LRRC3B,-397119,L2,0.9848085890117112,0.9900990099009901
cg22712894,ENSG00000156475,PPP2R2B,-219091,L2,0.9848085890117112,0.9900990099009901
cg22712894,ENSG00000169302,STK32A,-0,L1,0.9848085890117112,0.9900990099009901
cg22790013,ENSG00000133704,IPO8,-90659,L2,0.9848085890117112,0.9900990099009901
cg22859276,ENSG00000234999,SNRPCP19,-4716,L2,0.9848085890117112,0.9900990099009901
cg22859276,ENSG00000172115,CYCS,208778,R1,0.9848085890117112,0.9900990099009901
cg23156512,ENSG00000215005,HSPD1P7,249746,R1,0.9848085890117112,0.9900990099009901
cg23194886,ENSG00000196284,SUPT3H,-0,L1,0.9848085890117112,0.9900990099009901
cg23302621,ENSG00000240891,PLCXD2,-0,R1,0.9848085890117112,0.9900990099009901
cg23335202,ENSG00000064999,ANKS1A,-61033,L2,0.9848085890117112,0.9900990099009901
cg23335202,ENSG00000065029,ZNF76,106467,R1,0.9848085890117112,0.9900990099009901
cg23342625,ENSG00000145996,CDKAL1,-0,L1,0.9848085890117112,0.9900990099009901
cg23371833,ENSG00000155893,PXYLP1,-47240,L2,0.9848085890117112,0.9900990099009901
cg23371833,ENSG00000215606,KRT18P35,55638,R1,0.9848085890117112,0.9900990099009901
cg23378935,ENSG00000152936,LMNTD1,-0,L1,0.9848085890117112,0.9900990099009901
cg23394817,ENSG00000254346,MTND1P6,431327,R1,0.9848085890117112,0.9900990099009901
cg23468453,ENSG00000107742,SPOCK2,-57741,L2,0.9848085890117112,0.9900990099009901
cg23468453,ENSG00000138303,ASCC1,-0,L1,0.9848085890117112,0.9900990099009901
cg23488180,ENSG00000122557,HERPUD2,-5588,L1,0.9848085890117112,0.9900990099009901
cg23563931,ENSG00000145362,ANK2,-70013,L2,0.9848085890117112,0.9900990099009901
cg23563931,ENSG00000145349,CAMK2D,-0,L1,0.9848085890117112,0.9900990099009901
cg23796755,ENSG00000110080,ST3GAL4,-390224,L2,0.9848085890117112,0.9900990099009901
cg23796755,ENSG00000149571,KIRREL3,-0,L1,0.9848085890117112,0.9900990099009901
cg23796755,ENSG00000254591,AP003532.1,826997,R1,0.9848085890117112,0.9900990099009901
cg23959708,ENSG00000059377,TBXAS1,-29924,L2,0.9848085890117112,0.9900990099009901
cg23959708,ENSG00000059378,PARP12,-0,L1,0.9848085890117112,0.9900990099009901
cg23959708,ENSG00000006459,KDM7A,34494,R1,0.9848085890117112,0.9900990099009901
cg24060475,ENSG00000163625,WDFY3,-0,L1,0.9848085890117112,0.9900990099009901
cg24095837,ENSG00000224323,DPRXP1,-44069,L2,0.9848085890117112,0.9900990099009901
cg24259463,ENSG00000117597,UTP25,-16060,L1,0.9848085890117112,0.9900990099009901
cg24259463,ENSG00000143469,SYT14,27295,R1,0.9848085890117112,0.9900990099009901
cg24594109,ENSG00000091656,ZFHX4,-0,L1,0.9848085890117112,0.9900990099009901
cg24594109,ENSG00000164751,PEX2,137546,R1,0.9848085890117112,0.9900990099009901
cg24603972,ENSG00000227877,MRLN,62237,R1,0.9848085890117112,0.9900990099009901
cg24636611,ENSG00000135597,REPS1,-0,L1,0.9848085890117112,0.9900990099009901
cg24636611,ENSG00000146386,ABRACL,80462,R1,0.9848085890117112,0.9900990099009901
cg24687140,ENSG00000229048,DUTP1,-6499,L2,0.9848085890117112,0.9900990099009901
cg24687140,ENSG00000163848,ZNF148,-0,L1,0.9848085890117112,0.9900990099009901
cg24687140,ENSG00000243508,AC108688.1,26233,R1,0.9848085890117112,0.9900990099009901
cg24748868,ENSG00000213087,AL356535.1,-113050,L2,0.9848085890117112,0.9900990099009901
cg24748868,ENSG00000131016,AKAP12,-0,L1,0.9848085890117112,0.9900990099009901
cg24748868,ENSG00000155906,RMND1,65762,R1,0.9848085890117112,0.9900990099009901
cg24890545,ENSG00000135525,MAP7,-62568,L2,0.9848085890117112,0.9900990099009901
cg25209672,ENSG00000150627,WDR17,-3411,L2,0.9848085890117112,0.9900990099009901
cg25209672,ENSG00000150628,SPATA4,-0,L1,0.9848085890117112,0.9900990099009901
cg25445465,ENSG00000049130,KITLG,-363583,L2,0.9848085890117112,0.9900990099009901
cg25445465,ENSG00000257629,AC006199.1,83320,L1,0.9848085890117112,0.9900990099009901
cg25572485,ENSG00000163689,C3orf67,-78806,L1,0.9848085890117112,0.9900990099009901
cg25594833,ENSG00000162627,SNX7,-221741,L2,0.9848085890117112,0.9900990099009901
cg25707951,ENSG00000140262,TCF12,-0,L1,0.9848085890117112,0.9900990099009901
cg25746023,ENSG00000140006,WDR89,-64154,L2,0.9848085890117112,0.9900990099009901
cg25746023,ENSG00000258778,AL161670.2,28679,L1,0.9848085890117112,0.9900990099009901
cg25746023,ENSG00000258411,AL161670.1,55995,R1,0.9848085890117112,0.9900990099009901
cg25913016,ENSG00000082146,STRADB,-0,L1,0.9848085890117112,0.9900990099009901
cg25913016,ENSG00000115993,TRAK2,-0,R1,0.9848085890117112,0.9900990099009901
cg26335577,ENSG00000181744,DIPK2A,-542157,L2,0.9848085890117112,0.9900990099009901
cg26335577,ENSG00000244024,LARP7P4,932659,R1,0.9848085890117112,0.9900990099009901
cg26452584,ENSG00000107798,LIPA,-53044,L2,0.9848085890117112,0.9900990099009901
cg26452584,ENSG00000152782,PANK1,111893,R1,0.9848085890117112,0.9900990099009901
cg26592432,ENSG00000173473,SMARCC1,-0,L1,0.9848085890117112,0.9900990099009901
cg26592432,ENSG00000132153,DHX30,133319,R1,0.9848085890117112,0.9900990099009901
cg26636443,ENSG00000169085,VXN,-0,L1,0.9848085890117112,0.9900990099009901
cg26647734,ENSG00000266501,AC025198.1,83167,R1,0.9848085890117112,0.9900990099009901
cg27021765,ENSG00000174059,CD34,-33244,L1,0.9848085890117112,0.9900990099009901
cg27085598,ENSG00000165061,ZMAT4,432227,R1,0.9848085890117112,0.9900990099009901
cg27092704,ENSG00000240068,RPL21P42,674792,R1,0.9848085890117112,0.9900990099009901
cg27216954,ENSG00000114054,PCCB,-0,L1,0.9848085890117112,0.9900990099009901
cg27216954,ENSG00000118007,STAG1,69484,R1,0.9848085890117112,0.9900990099009901
cg27281546,ENSG00000128908,INO80,-0,L1,0.9848085890117112,0.9900990099009901
cg27377960,ENSG00000223945,AC244033.1,-80645,L2,0.9848085890117112,0.9900990099009901
cg27377960,ENSG00000136631,VPS45,-0,L1,0.9848085890117112,0.9900990099009901
cg27377960,ENSG00000023902,PLEKHO1,13501,R1,0.9848085890117112,0.9900990099009901
cg27423071,ENSG00000134318,ROCK2,-0,L1,0.9848085890117112,0.9900990099009901
cg27475875,ENSG00000118997,DNAH7,-99576,L2,0.9848085890117112,0.9900990099009901
cg27475875,ENSG00000081320,STK17B,-0,L1,0.9848085890117112,0.9900990099009901
cg27475875,ENSG00000138411,HECW2,20683,R1,0.9848085890117112,0.9900990099009901
